Category,ID
縲霎ｲ讌ｭ,1
縲譫玲･ｭ,2
縲貍∵･ｭｼ域ｰｴ逕｣鬢頑ｮ匁･ｭ繧帝勁縺擾ｼ,3
縲豌ｴ逕｣鬢頑ｮ匁･ｭ,4
縲驩ｱ讌ｭｼ梧治遏ｳ讌ｭｼ檎ょ茜謗｡蜿匁･ｭ,5
縲邱丞粋蟾･莠区･ｭ,6
縲閨ｷ蛻･蟾･莠区･ｭ(險ｭ蛯吝ｷ･莠区･ｭ繧帝勁縺),7
縲險ｭ蛯吝ｷ･莠区･ｭ,8
縲鬟滓侭蜩∬｣ｽ騾讌ｭ,9
縲鬟ｲ譁吶ｻ縺溘ｰ縺薙ｻ鬟ｼ譁呵｣ｽ騾讌ｭ,10
縲郢顔ｶｭ蟾･讌ｭ,11
縲譛ｨ譚舌ｻ譛ｨ陬ｽ蜩∬｣ｽ騾讌ｭｼ亥ｮｶ蜈ｷ繧帝勁縺擾ｼ,12
縲螳ｶ蜈ｷ繝ｻ陬⒦ｙ蜩∬｣ｽ騾讌ｭ,13
縲繝代Ν繝励ｻ邏吶ｻ邏吝刈蟾･蜩∬｣ｽ騾讌ｭ,14
縲蜊ｰ蛻ｷ繝ｻ蜷碁未騾｣讌ｭ,15
縲蛹門ｭｦ蟾･讌ｭ,16
縲遏ｳ豐ｹ陬ｽ蜩√ｻ遏ｳ轤ｭ陬ｽ蜩∬｣ｽ騾讌ｭ,17
縲繝励Λ繧ｹ繝√ャ繧ｯ陬ｽ蜩∬｣ｽ騾讌ｭｼ亥挨謗ｲ繧帝勁縺擾ｼ,18
縲繧ｴ繝陬ｽ蜩∬｣ｽ騾讌ｭ,19
縲縺ｪ繧√＠髱ｩ繝ｻ蜷瑚｣ｽ蜩√ｻ豈帷坩陬ｽ騾讌ｭ,20
縲遯ｯ讌ｭ繝ｻ蝨溽浹陬ｽ蜩∬｣ｽ騾讌ｭ,21
縲驩蕎讌ｭ,22
縲髱樣延驥大ｱ櫁｣ｽ騾讌ｭ,23
縲驥大ｱ櫁｣ｽ蜩∬｣ｽ騾讌ｭ,24
縲縺ｯ繧鍋畑讖滓｢ｰ蝎ｨ蜈ｷ陬ｽ騾讌ｭ,25
縲逕溽肇逕ｨ讖滓｢ｰ蝎ｨ蜈ｷ陬ｽ騾讌ｭ,26
縲讌ｭ蜍咏畑讖滓｢ｰ蝎ｨ蜈ｷ陬ｽ騾讌ｭ,27
縲髮ｻ蟄宣Κ蜩√ｻ繝ヰ繧､繧ｹ繝ｻ髮ｻ蟄仙屓霍ｯ陬ｽ騾讌ｭ,28
縲髮ｻ豌玲ｩ滓｢ｰ蝎ｨ蜈ｷ陬ｽ騾讌ｭ,29
縲諠⒦ｱ騾壻ｿ｡讖滓｢ｰ蝎ｨ蜈ｷ陬ｽ騾讌ｭ,30
縲霈ｸ騾∫畑讖滓｢ｰ蝎ｨ蜈ｷ陬ｽ騾讌ｭ,31
縲縺昴ｮ莉悶ｮ陬ｽ騾讌ｭ,32
縲髮ｻ豌玲･ｭ,33
縲繧ｬ繧ｹ讌ｭ,34
縲辭ｱ萓帷ｵｦ讌ｭ,35
縲豌ｴ驕捺･ｭ,36
縲騾壻ｿ｡讌ｭ,37
縲謾ｾ騾∵･ｭ,38
縲諠⒦ｱ繧ｵ繝ｼ繝薙せ讌ｭ,39
縲繧､繝ｳ繧ｿ繝ｼ繝阪ャ繝磯刋髫上し繝ｼ繝薙せ讌ｭ,40
縲譏蜒上ｻ髻ｳ螢ｰ繝ｻ譁㍾ｭ玲ュ蝣ｱ蛻ｶ菴懈･ｭ,41
縲驩％讌ｭ,42
縲驕楢ｷｯ譌⒦ｮ｢驕矩∵･ｭ,43
縲驕楢ｷｯ雋ｨ迚ｩ驕矩∵･ｭ,44
縲豌ｴ驕区･ｭ,45
縲闊ｪ遨ｺ驕玖ｼｸ讌ｭ,46
縲蛟牙ｺｫ讌ｭ,47
縲驕玖ｼｸ縺ｫ髯ｸｯ縺吶ｋ繧ｵ繝ｼ繝薙せ讌ｭ,48
縲驛ｵ萓ｿ讌ｭｼ井ｿ｡譖ｸ萓ｿ莠区･ｭ繧貞性繧ｼ,49
縲蜷ｨｮ蝠刀蜊ｸ螢ｲ讌ｭ,50
縲郢顔ｶｭ繝ｻ陦｣譛咲ｭ牙査螢ｲ讌ｭ,51
縲鬟ｲ鬟滓侭蜩∝査螢ｲ讌ｭ,52
縲蟒ｺ遽画攝譁呻ｼ碁桶迚ｩ繝ｻ驥大ｱ樊攝譁咏ｭ牙査螢ｲ讌ｭ,53
縲讖滓｢ｰ蝎ｨ蜈ｷ蜊ｸ螢ｲ讌ｭ,54
縲縺昴ｮ莉悶ｮ蜊ｸ螢ｲ讌ｭ,55
縲蜷ｨｮ蝠刀蟆丞｣ｲ讌ｭ,56
縲郢皮黄繝ｻ陦｣譛阪ｻ霄ｫ縺ｮ蝗槭ｊ蜩∝ｰ丞｣ｲ讌ｭ,57
縲鬟ｲ鬟滓侭蜩∝ｰ丞｣ｲ讌ｭ,58
縲讖滓｢ｰ蝎ｨ蜈ｷ蟆丞｣ｲ讌ｭ,59
縲縺昴ｮ莉悶ｮ蟆丞｣ｲ讌ｭ,60
縲辟｡蠎苓蟆丞｣ｲ讌ｭ,61
縲驫陦梧･ｭ,62
縲蜊泌酔邨ｹ秘≡陞肴･ｭ,63
縲雋ｸ驥第･ｭｼ後け繝ｬ繧ｸ繝ヨ繧ｫ繝ｼ繝画･ｭ遲蛾撼鬆宣≡菫｡逕ｨ讖滄未,64
縲驥題檮蝠刀蜿門ｼ墓･ｭｼ悟膚蜩∝迚ｩ蜿門ｼ墓･ｭ,65
縲陬懷勧逧≡陞肴･ｭ遲,66
縲菫晞匱讌ｭｼ井ｿ晞匱蟐剃ｻ倶ｻ｣逅･ｭｼ御ｿ晞匱繧ｵ繝ｼ繝薙せ讌ｭ繧貞性繧ｼ,67
縲荳榊虚逕｣蜿門ｼ墓･ｭ,68
縲荳榊虚逕｣雉ｲｸ讌ｭ繝ｻ邂｡逅･ｭ,69
縲迚ｩ蜩∬ｳｲｸ讌ｭ,70
縲蟄ｦ陦薙ｻ髢狗匱遐皮ｩｶ讖滄未,71
縲蟆る摩繧ｵ繝ｼ繝薙せ讌ｭｼ井ｻ悶↓蛻｡槭＆繧後↑縺ｂ縺ｮｼ,72
縲蠎相讌ｭ,73
縲謚陦薙し繝ｼ繝薙せ讌ｭｼ井ｻ悶↓蛻｡槭＆繧後↑縺ｂ縺ｮｼ,74
縲螳ｿ豕頑･ｭ,75
縲鬟ｲ鬟溷ｺ,76
縲謖√■蟶ｰ繧翫ｻ驟埼＃鬟ｲ鬟溘し繝ｼ繝薙せ讌ｭ,77
縲豢玲ｿｯ繝ｻ逅ｮｹ繝ｻ鄒主ｮｹ繝ｻ豬ｴ蝣ｴ讌ｭ,78
縲縺昴ｮ莉悶ｮ逕滓ｴｻ髢｢騾｣繧ｵ繝ｼ繝薙せ讌ｭ,79
縲螽ｯ讌ｽ讌ｭ,80
縲蟄ｦ譬｡謨呵ご,81
縲縺昴ｮ莉悶ｮ謨呵ごｼ悟ｭｦ鄙呈髪謠ｴ讌ｭ,82
縲蛹ｻ逋よ･ｭ,83
縲菫晏▼陦帷函,84
縲遉ｾ莨壻ｿ晞匱繝ｻ遉ｾ莨夂ｦ冗･峨ｻ莉玖ｭｷ莠区･ｭ,85
縲驛ｵ萓ｿ螻,86
縲蜊泌酔邨粋ｼ井ｻ悶↓蛻｡槭＆繧後↑縺ｂ縺ｮｼ,87
縲蟒｣黄蜃ｦ逅･ｭ,88
縲閾ｪ蜍戊ｻ頑紛蛯呎･ｭ,89
縲讖滓｢ｰ遲我ｿｮ逅･ｭｼ亥挨謗ｲ繧帝勁縺擾ｼ,90
縲閨ｷ讌ｭ邏ｹ莉九ｻ蜉ｴ蜒崎⒧ｴｾ驕｣讌ｭ,91
縲縺昴ｮ莉悶ｮ莠区･ｭ繧ｵ繝ｼ繝薙せ讌ｭ,92
縲謾ｿ豐ｻ繝ｻ邨梧ｸ医ｻ譁㍾喧蝗｣菴,93
縲螳玲蕗,94
縲縺昴ｮ莉悶ｮ繧ｵ繝ｼ繝薙せ讌ｭ,95
縲螟門嵜蜈ｬ蜍,96
縲蝗ｽ螳ｶ蜈ｬ蜍,97
縲蝨ｰ譁ｹ蜈ｬ蜍,98
蛻｡樔ｸ崎ｽ縺ｮ逕｣讌ｭ,99